{"std-mean-RollOff": 9.4386816990941025, "mean-std-Flux": 969.58874700209014, "mean-mean-coeficiente4": -14.305247048191038, "mean-std-ZeroCrossings": 54.39679124332023, "mean-mean-coeficiente2": -10.984920035467924, "std-mean-Centroid": 6.9819281974629579, "mean-mean-coeficiente1": -0.40012187552488565, "mean-mean-RollOff": 122.04031007751936, "mean-mean-ZeroCrossings": 74.690697674418601, "mean-mean-Centroid": 64.569254657900032, "mean-std-coeficiente5": 9.4920525341793009, "mean-mean-coeficiente5": -11.378063333415604, "std-std-coeficiente4": 0.39412976272740957, "std-std-ZeroCrossings": 17.062102767631231, "mean-std-coeficiente4": 10.786402949924666, "mean-mean-Flux": 421.52428325750878, "mean-std-coeficiente1": 1.5398603785095373, "mean-std-coeficiente3": 16.590786057358823, "mean-std-coeficiente2": 12.204202120188041, "std-mean-Flux": 46.896551065746714, "std-std-RollOff": 4.3816532176561021, "std-mean-coeficiente5": 0.63140768461835317, "std-std-Flux": 60.531710116908947, "std-mean-coeficiente1": 0.20377934076518511, "std-mean-coeficiente3": 3.2950278841273013, "std-mean-coeficiente2": 2.4364261983372475, "mean-std-RollOff": 57.880174964576881, "std-std-coeficiente5": 0.51451127778131478, "std-mean-coeficiente4": 0.74380923072204896, "std-mean-ZeroCrossings": 13.591028958285065, "mean-mean-coeficiente3": -10.108663602560842, "mean-std-Centroid": 31.336330034110897, "std-std-coeficiente2": 0.91735228680746139, "std-std-coeficiente3": 3.2510413097865536, "std-std-Centroid": 5.5749625167098333, "std-std-coeficiente1": 0.14048669226211227}